sheusername,email,password,display_name,nickname,first_name,last_name
cuixinsen@huawei.com,cuixinsen@huawei.com,49005055,Cui,Cui,Cui,Xinsen
segoldbe@microsoft.com,segoldbe@microsoft.com,49033398,Sean,Sean,Sean,Goldberg
ochamsici@gmail.com,ochamsici@gmail.com,49062894,Onur,Onur,Onur,Hamsici
samapooja@gmail.com,samapooja@gmail.com,49070642,SATYA,SATYA,SATYA,SAMA
geoff@shmigelsky.com,geoff@shmigelsky.com,49071794,Geoffrey,Geoffrey,Geoffrey,Shmigelsky
N.M.Rajpoot@warwick.ac.uk,N.M.Rajpoot@warwick.ac.uk,49072501,Nasir,Nasir,Nasir,Rajpoot
es2018.jung@samsung.com,es2018.jung@samsung.com,49072748,Eun-Soo,Eun-Soo,Eun-Soo,Jung
naila.murray@naverlabs.com,naila.murray@naverlabs.com,49073421,Naila,Naila,Naila,Murray
pwonka@gmail.com,pwonka@gmail.com,49073696,Peter,Peter,Peter,Wonka
tiffa663@gmail.com,tiffa663@gmail.com,49073761,Chin,Chin,Chin,Kuo
jshtok@gmail.com,jshtok@gmail.com,49073889,Joseph,Joseph,Joseph,Shtok
gg4099@rit.edu,gg4099@rit.edu,49073904,Gianmarco,Gianmarco,Gianmarco,Callalli
rzabih@gmail.com,rzabih@gmail.com,49074515,Ramin,Ramin,Ramin,Zabih
tsumane@apple.com,tsumane@apple.com,49074820,Thilaka,Thilaka,Thilaka,Sumanaweera
yanggehua@gmail.com,yanggehua@gmail.com,49075149,Gehua,Gehua,Gehua,Yang
mihaiz@google.com,mihaiz@google.com,49075473,Mihai,Mihai,Mihai,Zanfir
ram_shastri@cat.com,ram_shastri@cat.com,49075720,Shastri,Shastri,Shastri,Ram
guy.rosman@tri.global,guy.rosman@tri.global,49076235,Guy,Guy,Guy,Rosman
thomas.spendlove@yoti.com,thomas.spendlove@yoti.com,49076425,Thomas,Thomas,Thomas,Spendlove
rui.yu@tri.global,rui.yu@tri.global,49076451,Rui,Rui,Rui,Yu
frazer.linzheng@mail.nankai.edu.cn,frazer.linzheng@mail.nankai.edu.cn,49076597,Zheng,Zheng,Zheng,Lin
davemorse@scale.com,davemorse@scale.com,49077304,David,David,David,Morse
swei@fb.com,swei@fb.com,49077511,Shih-En,Shih-En,Shih-En,Wei
robert.gove@synaptics.com,robert.gove@synaptics.com,49077740,Robert,Robert,Robert,Gove
gachaval@mathworks.com,gachaval@mathworks.com,49077989,Gautam,Gautam,Gautam,Chavali
naoki.wake@microsoft.com,naoki.wake@microsoft.com,49078030,Naoki,Naoki,Naoki,Wake
wcchn@amazon.com,wcchn@amazon.com,49078773,Wei,Wei,Wei,Chen
matsuo@weblab.t.u-tokyo.ac.jp,matsuo@weblab.t.u-tokyo.ac.jp,49078784,Yutaka,Yutaka,Yutaka,Matsuo
pecheverria@apple.com,pecheverria@apple.com,49078906,Priscilla,Priscilla,Priscilla,Leung
arathore@mathworks.com,arathore@mathworks.com,49079505,Anshul,Anshul,Anshul,Rathore
mirshah@arlo.com,mirshah@arlo.com,49079522,Miraj,Miraj,Miraj,Shah
elsabeta@google.com,elsabeta@google.com,49079768,Elisabeta,Elisabeta,Elisabeta,Oneata
jan-nico.zaech@vision.ee.ethz.ch,jan-nico.zaech@vision.ee.ethz.ch,49079802,Jan-Nico,Jan-Nico,Jan-Nico,Zaech
nathan.ghabour@nike.com,nathan.ghabour@nike.com,49079843,Mark,Mark,Mark,Labinski
meghana@sigopt.com,meghana@sigopt.com,49079938,Meghana,Meghana,Meghana,Ravikumar
ksooklall@arlo.com,ksooklall@arlo.com,49080036,Kenan,Kenan,Kenan,Sooklall
jose.garcia@midea.com,jose.garcia@midea.com,49080398,Jose,Jose,Jose,Garcia
connor@tju.edu.cn,connor@tju.edu.cn,49080607,Jiale,Jiale,Jiale,Cao
lloydad@amazon.com,lloydad@amazon.com,49080902,Adam,Adam,Adam,Lloyd
broreyno@amazon.com,broreyno@amazon.com,49080773,Brooks,Brooks,Brooks,Reynolds
federman@amazon.com,federman@amazon.com,49080817,Michelle,Michelle,Michelle,Federman
ytkuo@microsoft.com,ytkuo@microsoft.com,49081068,Yu-Ting,Yu-Ting,Yu-Ting,Kuo
richardchen@g.harvard.edu,richardchen@g.harvard.edu,49081115,Richard,Richard,Richard,Chen
shuguangcui@cuhk.edu.cn,shuguangcui@cuhk.edu.cn,49081171,Shuguang,Shuguang,Shuguang,Cui
nrhinehart@berkeley.edu,nrhinehart@berkeley.edu,49081349,Nicholas,Nicholas,Nicholas,Rhinehart
zeljko@embarktrucks.com,zeljko@embarktrucks.com,49081353,Zeljko,Zeljko,Zeljko,Popovic
jeffhan@gmail.com,jeffhan@gmail.com,49081723,Jeff,Jeff,Jeff,Han
zhengliz@uci.edu,zhengliz@uci.edu,49081760,Zhengli,Zhengli,Zhengli,Zhao
jialin.yuan@hotmail.com,jialin.yuan@hotmail.com,49081797,Jialin,Jialin,Jialin,Yuan
junming.zhu@getcruise.com,junming.zhu@getcruise.com,49081927,Junming,Junming,Junming,Zhu
terrygao87@berkeley.edu,terrygao87@berkeley.edu,49082451,Tianren,Tianren,Tianren,Gao
tish.leichliter@futurewei.com,tish.leichliter@futurewei.com,49082727,Tish,Tish,Tish,(Leichliter)
ajpiergi@google.com,ajpiergi@google.com,49082881,AJ,AJ,AJ,Piergiovanni
felixhill@google.com,felixhill@google.com,49083024,Felix,Felix,Felix,Hill
carlos.ortizmarrero@pnnl.gov,carlos.ortizmarrero@pnnl.gov,49083291,Carlos,Carlos,Carlos,Marrero
joneidi@knights.ucf.edu,joneidi@knights.ucf.edu,49083555,Mohsen,Mohsen,Mohsen,Joneidi
aimaev@gmail.com,aimaev@gmail.com,49083706,Alexey,Alexey,Alexey,Imaev
robyn_stewart@apple.com,robyn_stewart@apple.com,49083941,Robyn,Robyn,Robyn,Stewart
ashish_kumar@berkeley.edu,ashish_kumar@berkeley.edu,49084473,Ashish,Ashish,Ashish,Kumar
maxehr@umiacs.umd.edu,maxehr@umiacs.umd.edu,49084614,Max,Max,Max,Ehrlich
hyowon_ha@apple.com,hyowon_ha@apple.com,49085142,Hyowon,Hyowon,Hyowon,Ha
tsungyilin87@gmail.com,tsungyilin87@gmail.com,49085426,Tsung-Yi,Tsung-Yi,Tsung-Yi,Lin
maxwell.lzshuo@gmail.com,maxwell.lzshuo@gmail.com,49085869,Max,Max,Max,Li
heythisischo@gmail.com,heythisischo@gmail.com,49086140,Jaemin,Jaemin,Jaemin,Cho
baokejie@gmail.com,baokejie@gmail.com,49086174,Kejie,Kejie,Kejie,Bao
moein@ucsd.edu,moein@ucsd.edu,49086244,Moein,Moein,Moein,Falahatgar
daniel.hoeppner@astellas.com,daniel.hoeppner@astellas.com,49086364,Daniel,Daniel,Daniel,Hoeppner
blamb@emagsys.com,blamb@emagsys.com,49086474,Brian,Brian,Brian,Lamb
na816.hokuseihal@akane.waseda.jp,na816.hokuseihal@akane.waseda.jp,49086605,Naoki,Naoki,Naoki,Wada
Kazuhiro.Sasabuchi@microsoft.com,Kazuhiro.Sasabuchi@microsoft.com,49086715,KAZUHIRO,KAZUHIRO,KAZUHIRO,SASABUCHI
18110980002@fudan.edu.cn,18110980002@fudan.edu.cn,49086968,Chengming,Chengming,Chengming,Xu
kangxuey@sfu.ca,kangxuey@sfu.ca,49087105,Kangxue,Kangxue,Kangxue,Yin
danielyan86129@hotmail.com,danielyan86129@hotmail.com,49087170,Yajie,Yajie,Yajie,Yan
zhiwei.xu@anu.edu.au,zhiwei.xu@anu.edu.au,49087206,Zhiwei,Zhiwei,Zhiwei,Xu
abhilash.srikantha@zeiss.com,abhilash.srikantha@zeiss.com,49087308,Abhilash,Abhilash,Abhilash,Srikantha
